{"cameraMode":{"drawMode":0,"name":"Shaded","section":"Shading Mode"},"sceneLighting":true,"audioPlay":false,"sceneViewState":{"m_AlwaysRefresh":false,"showFog":true,"showSkybox":true,"showFlares":true,"showImageEffects":true,"showParticleSystems":true,"showVisualEffectGraphs":true,"m_FxEnabled":true},"in2DMode":false,"pivot":{"x":0.20867249369621278,"y":4.595852851867676,"z":-2.733675003051758},"rotation":{"x":0.09418964385986328,"y":0.8982921838760376,"z":-0.23588930070400239,"w":0.35857343673706057},"size":0.5049752593040466,"orthographic":false}